Date,Open,High,Low,Close,Adj Close,Volume
11/17/2016,3950,4040,3950,4000,3431.399658,84236700
11/18/2016,4020,4030,3960,3970,3405.663818,98115300
11/21/2016,3950,3970,3920,3930,3371.350098,82463000
11/22/2016,3920,3970,3910,3950,3388.50708,69602800
11/23/2016,3930,3970,3920,3940,3379.928467,108352600
11/24/2016,3900,3930,3760,3810,3268.407959,91265600
11/25/2016,3770,3830,3770,3830,3285.565186,65999500
11/28/2016,3850,3860,3820,3840,3294.143555,61860400
11/29/2016,3830,3880,3830,3840,3294.143555,73215900
11/30/2016,3820,3900,3770,3780,3242.672363,145322000
12/1/2016,3820,3900,3810,3860,3311.300781,96825100
12/2/2016,3820,3960,3810,3910,3354.193115,68873200
12/5/2016,3900,4000,3890,3960,3397.085449,56831800
12/6/2016,3930,3960,3900,3910,3354.193115,67135100
12/7/2016,3890,3890,3820,3850,3302.721924,74498300
12/8/2016,3880,3940,3860,3940,3379.928467,80253900
12/9/2016,3930,3980,3910,3960,3397.085449,73229000
12/13/2016,3920,3970,3900,3970,3405.663818,85397800
12/14/2016,3910,3970,3910,3920,3362.77124,53216800
12/15/2016,3840,3940,3830,3910,3370.857178,58982800
12/16/2016,3910,3910,3820,3820,3293.26709,111038700
12/19/2016,3850,3890,3800,3800,3276.024902,64957800
12/20/2016,3750,3800,3710,3730,3215.677002,88601300
12/21/2016,3800,3850,3760,3780,3258.782715,65390700
12/22/2016,3720,3780,3720,3750,3232.919189,53482700
12/23/2016,3790,3790,3670,3690,3181.192627,46232300
12/27/2016,3690,3760,3670,3730,3215.677002,48998200
12/28/2016,3770,3840,3770,3830,3301.888428,39654200
12/29/2016,3830,3960,3810,3940,3396.720459,126802300
12/30/2016,3940,4020,3940,3980,3431.205078,128649100
1/2/2017,3980,3980,3980,3980,3431.205078,0
1/3/2017,3950,3990,3920,3950,3405.341797,71660600
1/4/2017,3880,3980,3880,3950,3405.341797,68494500
1/5/2017,3960,4030,3940,3950,3405.341797,74018400
1/6/2017,3970,4010,3960,4000,3448.44751,44136900
1/9/2017,4000,4030,3990,4020,3465.689453,85713200
1/10/2017,4030,4030,3960,4000,3448.44751,44608000
1/11/2017,3960,4000,3950,3960,3413.962402,47226300
1/12/2017,3920,3970,3920,3960,3413.962402,45738500
1/13/2017,3930,3970,3930,3950,3405.341797,64704600
1/16/2017,3970,4000,3950,3950,3405.341797,42188800
1/17/2017,3980,4000,3960,3970,3422.58374,45793400
1/18/2017,3960,4010,3950,3960,3413.962402,56558200
1/19/2017,3940,3980,3920,3970,3422.58374,53435400
1/20/2017,3920,3940,3820,3830,3301.888428,101523500
1/23/2017,3800,3880,3780,3840,3310.509521,77653500
1/24/2017,3850,3950,3850,3910,3370.857178,113430200
1/25/2017,3940,3940,3890,3900,3362.236328,47799100
1/26/2017,3900,3960,3860,3940,3396.720459,60944600
1/27/2017,3900,3920,3880,3890,3353.61499,47240400
1/30/2017,3860,3910,3860,3860,3327.751709,30060700
1/31/2017,3870,3920,3860,3870,3336.372559,57849200
2/1/2017,3910,3980,3900,3940,3396.720459,77648400
2/2/2017,3940,3980,3900,3950,3405.341797,73895600
2/3/2017,3900,3970,3900,3950,3405.341797,59225000
2/6/2017,3940,3960,3910,3960,3413.962402,52999700
2/7/2017,3930,3960,3920,3920,3379.478271,66017500
2/8/2017,3900,3920,3860,3870,3336.372559,115706000
2/9/2017,3870,3910,3860,3870,3336.372559,78090700
2/10/2017,3870,3910,3860,3890,3353.61499,91636700
2/13/2017,3920,3920,3900,3920,3379.478271,54547600
2/14/2017,3900,3900,3840,3860,3327.751709,146309400
2/15/2017,3860,3860,3860,3860,3327.751709,0
2/16/2017,3880,3890,3840,3870,3336.372559,127779400
2/17/2017,3890,3890,3850,3870,3336.372559,80814700
2/20/2017,3860,3880,3850,3870,3336.372559,26820400
2/21/2017,3880,3890,3860,3880,3344.993896,49368500
2/22/2017,3880,3890,3850,3880,3344.993896,74260200
2/23/2017,3860,3870,3830,3840,3310.509521,122760100
2/24/2017,3830,3870,3830,3840,3310.509521,71119600
2/27/2017,3850,3890,3850,3870,3336.372559,54712100
2/28/2017,3860,3900,3850,3850,3319.130615,65928100
3/1/2017,3870,3890,3840,3850,3319.130615,79662500
3/2/2017,3870,3870,3830,3830,3301.888428,59748700
3/3/2017,3820,3870,3810,3850,3319.130615,92350100
3/6/2017,3860,3920,3850,3920,3379.478271,99064100
3/7/2017,3920,3950,3890,3950,3405.341797,61945400
3/8/2017,3920,3930,3880,3880,3344.993896,31336300
3/9/2017,3960,3960,3880,3960,3413.962402,83224900
3/10/2017,3970,3990,3910,3950,3405.341797,70318300
3/13/2017,3940,3970,3920,3950,3405.341797,54433000
3/14/2017,3950,4070,3950,4050,3491.552734,122779100
3/15/2017,4030,4080,4010,4040,3482.931885,80434200
3/16/2017,4060,4150,4060,4140,3569.143066,123306900
3/17/2017,4140,4140,4030,4110,3543.279541,123085600
3/20/2017,4100,4110,4050,4100,3534.658447,87628300
3/21/2017,4060,4120,4060,4090,3526.037354,75349600
3/22/2017,4060,4080,4010,4070,3508.794922,110927600
3/23/2017,4070,4100,4050,4090,3526.037354,72319900
3/24/2017,4080,4110,4050,4080,3517.41626,71877500
3/27/2017,4080,4090,4070,4080,3517.41626,56070700
3/29/2017,4080,4150,4080,4150,3577.763916,84076600
3/30/2017,4140,4170,4110,4140,3569.143066,61410200
3/31/2017,4180,4190,4130,4130,3560.521973,88859000
4/3/2017,4130,4200,4130,4170,3595.006348,66564400
4/4/2017,4170,4290,4170,4250,3663.975098,108165500
4/5/2017,4250,4250,4250,4250,3663.975098,0
4/6/2017,4180,4200,4130,4170,3595.006348,79905800
4/7/2017,4130,4140,4110,4130,3560.521973,72954300
4/10/2017,4110,4140,4090,4100,3534.658447,53211800
4/11/2017,4110,4180,4110,4150,3577.763916,54580200
4/12/2017,4170,4170,4110,4150,3577.763916,33441400
4/13/2017,4150,4170,4090,4090,3526.037354,47225000
4/17/2017,4090,4090,4010,4010,3457.068359,51373500
4/18/2017,4060,4120,4050,4070,3508.794922,68193500
4/19/2017,4070,4070,4070,4070,3508.794922,0
4/20/2017,4030,4150,4030,4110,3543.279541,110208600
4/21/2017,4180,4420,4170,4420,3810.53418,237062100
4/25/2017,4500,4520,4330,4420,3810.53418,213322700
4/26/2017,4380,4410,4360,4400,3793.291992,103930700
4/27/2017,4380,4400,4360,4370,3767.428711,78695300
4/28/2017,4400,4410,4370,4370,3767.428711,124845700
5/2/2017,4410,4450,4380,4410,3801.912842,140198900
5/3/2017,4400,4400,4330,4340,3843.865479,92896600
5/4/2017,4360,4390,4340,4370,3870.436279,100510700
5/5/2017,4350,4360,4330,4340,3843.865479,43566800
5/8/2017,4370,4380,4310,4340,3843.865479,85508700
5/9/2017,4390,4450,4330,4340,3843.865479,90061700
5/10/2017,4340,4410,4330,4370,3870.436279,85484500
5/12/2017,4410,4440,4380,4400,3897.006592,84813500
5/15/2017,4420,4420,4320,4360,3861.579102,88965200
5/16/2017,4390,4390,4340,4340,3843.865479,79436500
5/17/2017,4380,4380,4300,4340,3843.865479,65470700
5/18/2017,4300,4340,4270,4310,3817.29541,78913600
5/19/2017,4300,4650,4300,4530,4012.145508,140860000
5/22/2017,4590,4670,4440,4470,3959.004639,92800400
5/23/2017,4500,4520,4370,4400,3897.006592,70551200
5/24/2017,4360,4410,4330,4360,3861.579102,76441800
5/26/2017,4430,4490,4430,4470,3959.004639,123903300
5/29/2017,4470,4470,4360,4390,3888.149902,69694400
5/30/2017,4350,4380,4330,4330,3835.009033,57720500
5/31/2017,4350,4370,4300,4350,3852.722656,184808900
6/1/2017,4350,4350,4350,4350,3852.722656,0
6/2/2017,4400,4450,4340,4380,3879.293457,168414800
6/5/2017,4340,4380,4300,4340,3843.865479,88200300
6/6/2017,4350,4350,4300,4310,3817.29541,99538800
6/7/2017,4350,4350,4290,4320,3826.1521,99176400
6/8/2017,4320,4320,4300,4300,3808.438477,88979800
6/9/2017,4370,4380,4320,4330,3835.009033,137960200
6/12/2017,4320,4340,4310,4330,3835.009033,52481100
6/13/2017,4340,4360,4330,4360,3861.579102,61967400
6/14/2017,4380,4380,4330,4360,3861.579102,72198600
6/15/2017,4350,4370,4330,4360,3861.579102,50887900
6/16/2017,4330,4440,4330,4370,3870.436279,267351200
6/19/2017,4400,4420,4390,4400,3897.006592,48458800
6/20/2017,4420,4510,4400,4490,3976.718018,93396600
6/21/2017,4480,4530,4460,4520,4003.288818,116596300
6/22/2017,4540,4540,4500,4520,4003.288818,76420700
6/23/2017,4520,4520,4520,4520,4003.288818,0
6/26/2017,4520,4520,4520,4520,4003.288818,0
6/27/2017,4520,4520,4520,4520,4003.288818,0
6/28/2017,4520,4520,4520,4520,4003.288818,0
6/29/2017,4520,4520,4520,4520,4003.288818,0
6/30/2017,4520,4520,4520,4520,4003.288818,0
7/3/2017,4530,4790,4520,4790,4242.42334,213322100
7/4/2017,4710,4730,4590,4590,4065.286133,126977200
7/5/2017,4550,4590,4530,4580,4056.429932,76950600
7/6/2017,4570,4680,4570,4650,4118.427734,74712800
7/7/2017,4640,4690,4630,4630,4100.714355,74859600
7/10/2017,4670,4670,4560,4570,4047.573242,40905200
7/11/2017,4590,4640,4560,4600,4074.143311,59015400
7/12/2017,4580,4640,4580,4620,4091.856934,42386500
7/13/2017,4660,4680,4580,4600,4074.143311,83010800
7/14/2017,4580,4620,4570,4600,4074.143311,61198800
7/17/2017,4570,4650,4570,4650,4118.427734,53983200
7/18/2017,4660,4660,4590,4630,4100.714355,63087200
7/19/2017,4630,4630,4570,4600,4074.143311,31882000
7/20/2017,4620,4650,4600,4630,4100.714355,65946300
7/21/2017,4600,4620,4530,4560,4038.716064,61852600
7/24/2017,4500,4650,4500,4650,4118.427734,139361700
7/25/2017,4680,4740,4640,4720,4180.425781,82776400
7/26/2017,4700,4740,4650,4700,4162.711426,65286900
7/27/2017,4700,4720,4650,4650,4118.427734,79556300
7/28/2017,4670,4720,4660,4700,4162.711426,77012600
7/31/2017,4680,4750,4670,4690,4153.85498,105620500
8/1/2017,4700,4820,4690,4770,4224.709473,98006400
8/2/2017,4800,4840,4780,4800,4251.279785,76646000
8/3/2017,4760,4790,4670,4700,4162.711426,57453500
8/4/2017,4700,4710,4660,4670,4136.141113,53596700
8/7/2017,4670,4730,4660,4670,4136.141113,50259300
8/8/2017,4650,4690,4650,4690,4153.85498,55006100
8/9/2017,4670,4720,4670,4710,4171.568359,67040700
8/10/2017,4720,4730,4700,4710,4171.568359,36139000
8/11/2017,4690,4700,4660,4680,4144.998535,61681900
8/14/2017,4720,4730,4700,4710,4171.568359,45942500
8/15/2017,4750,4750,4710,4730,4189.282715,62541500
8/16/2017,4750,4780,4730,4770,4224.709473,72564900
8/17/2017,4770,4770,4770,4770,4224.709473,0
8/18/2017,4770,4820,4770,4780,4233.566406,72171800
8/21/2017,4800,4800,4730,4770,4224.709473,36963300
8/22/2017,4800,4810,4770,4790,4242.42334,45279100
8/23/2017,4800,4810,4750,4800,4251.279785,55475800
8/24/2017,4800,4800,4760,4780,4233.566406,59747100
8/25/2017,4800,4810,4770,4770,4224.709473,34666200
8/28/2017,4740,4770,4720,4750,4206.995605,42681600
8/29/2017,4740,4760,4710,4730,4189.282715,66770700
8/30/2017,4720,4760,4720,4740,4198.13916,41010800
8/31/2017,4740,4750,4690,4690,4153.85498,60803000
9/1/2017,4690,4690,4690,4690,4153.85498,0
9/4/2017,4710,4710,4660,4680,4144.998535,74663400
9/5/2017,4670,4680,4620,4650,4118.427734,71280300
9/6/2017,4650,4730,4650,4710,4171.568359,60257800
9/7/2017,4700,4730,4690,4700,4162.711426,47238900
9/8/2017,4670,4720,4670,4720,4180.425781,40939600
9/11/2017,4710,4720,4700,4710,4171.568359,45419200
9/12/2017,4720,4730,4700,4720,4180.425781,68810000
9/13/2017,4650,4730,4650,4690,4153.85498,55115400
9/14/2017,4690,4700,4660,4670,4136.141113,53421400
9/15/2017,4650,4700,4650,4690,4153.85498,112759200
9/18/2017,4680,4720,4660,4710,4171.568359,61345400
9/19/2017,4690,4720,4680,4710,4171.568359,54676900
9/20/2017,4690,4710,4680,4690,4153.85498,58141200
9/21/2017,4690,4690,4690,4690,4153.85498,0
9/22/2017,4690,4690,4610,4640,4109.570313,100046700
9/25/2017,4620,4670,4610,4650,4118.427734,33070000
9/26/2017,4640,4710,4640,4690,4153.85498,83557100
9/27/2017,4690,4710,4680,4700,4162.711426,60995800
9/28/2017,4720,4740,4710,4710,4171.568359,105241200
9/29/2017,4700,4750,4670,4680,4144.998535,202031900
10/2/2017,4690,4690,4660,4680,4144.998535,79696400
10/3/2017,4650,4700,4640,4690,4153.85498,113933700
10/4/2017,4660,4710,4660,4690,4153.85498,101963100
10/5/2017,4680,4690,4640,4660,4127.28418,164687600
10/6/2017,4680,4680,4630,4660,4127.28418,83595800
10/9/2017,4640,4660,4610,4620,4091.856934,73027700
10/10/2017,4650,4650,4510,4530,4012.145508,95524700
10/11/2017,4540,4550,4310,4400,3897.006592,365951800
10/12/2017,4380,4490,4370,4440,3932.433594,163091000
10/13/2017,4440,4450,4400,4430,3923.577148,122491000
10/16/2017,4380,4480,4380,4450,3941.290771,167517000
10/17/2017,4400,4410,4320,4400,3897.006592,286827400
10/18/2017,4400,4400,4190,4300,3808.438477,379725700
10/19/2017,4230,4250,4180,4210,3728.726807,231274800
10/20/2017,4250,4290,4200,4270,3781.868164,107642900
10/23/2017,4270,4320,4240,4250,3764.153809,118213500
10/24/2017,4270,4270,4230,4230,3746.440918,69942200
10/25/2017,4210,4230,4060,4090,3622.444824,308355300
10/26/2017,4010,4260,4010,4160,3684.442627,348271000
10/27/2017,4190,4200,4080,4150,3675.585938,122923500
10/30/2017,4150,4180,4080,4080,3613.588135,140445100
10/31/2017,4150,4150,4030,4030,3569.303955,111757900
11/1/2017,4070,4080,3910,3950,3498.449219,267366500
11/2/2017,3980,4110,3970,4030,3569.303955,154764900
11/3/2017,4050,4100,4010,4090,3622.444824,80926400
11/6/2017,4100,4210,4070,4190,3711.013184,177511800
11/7/2017,4180,4210,4160,4190,3711.013184,84694700
11/8/2017,4160,4160,4100,4100,3631.301514,145225500
11/9/2017,4100,4180,4100,4160,3684.442627,91933800
11/10/2017,4130,4160,4120,4120,3649.015381,56993800
11/13/2017,4130,4160,4100,4100,3631.301514,92109100
11/14/2017,4100,4110,4070,4080,3613.588135,64809800
11/15/2017,4090,4180,4080,4130,3657.872314,96128400
11/16/2017,4150,4230,4150,4200,3719.870117,134137000
11/17/2017,4200,4230,4200,4200,3719.870117,80261800
11/20/2017,4220,4220,4150,4150,3675.585938,48453900
11/21/2017,4170,4200,4150,4200,3719.870117,96842900
11/22/2017,4220,4220,4190,4200,3719.870117,69602300
11/23/2017,4200,4270,4200,4250,3764.153809,62887900
11/24/2017,4220,4320,4220,4320,3826.1521,87879900
11/27/2017,4320,4350,4280,4300,3808.438477,82769500
11/28/2017,4270,4290,4230,4240,3755.297607,99928100
11/29/2017,4220,4240,4180,4200,3719.870117,79872900
11/30/2017,4200,4220,4150,4150,3675.585938,185905200
12/1/2017,4150,4150,4150,4150,3675.585938,0
12/4/2017,4180,4230,4160,4200,3719.870117,78040500
12/5/2017,4210,4220,4180,4200,3719.870117,96504800
12/6/2017,4160,4210,4160,4200,3719.870117,92126500
12/7/2017,4200,4210,4160,4200,3719.870117,52703100
12/8/2017,4150,4200,4120,4140,3666.729248,88536500
12/11/2017,4110,4150,4110,4140,3666.729248,47625800
12/12/2017,4150,4190,4150,4170,3693.299561,63036000
12/13/2017,4150,4200,4150,4200,3719.870117,49020200
12/14/2017,4220,4250,4200,4250,3764.153809,61517800
12/15/2017,4200,4240,4180,4230,3746.440918,77110600
12/18/2017,4250,4250,4170,4240,3755.297607,47756500
12/19/2017,4200,4200,4170,4190,3711.013184,85383600
12/20/2017,4190,4200,4160,4160,3684.442627,87778400
12/21/2017,4190,4250,4170,4250,3764.153809,83893400
12/22/2017,4250,4300,4210,4300,3808.438477,50330400
12/25/2017,4300,4300,4300,4300,3808.438477,0
12/26/2017,4300,4300,4300,4300,3808.438477,0
12/27/2017,4270,4310,4270,4300,3808.438477,32211800
12/28/2017,4300,4390,4270,4390,3888.149902,88576700
12/29/2017,4390,4460,4390,4440,3932.433594,110053200
1/1/2018,4440,4440,4440,4440,3932.433594,0
1/2/2018,4430,4460,4380,4410,3905.86377,66075600
1/3/2018,4380,4380,4200,4230,3746.440918,129205000
1/4/2018,4230,4250,4190,4220,3737.583984,77953300
1/5/2018,4220,4280,4200,4280,3790.724609,55863000
1/8/2018,4250,4290,4250,4260,3773.010986,42916700
1/9/2018,4240,4240,4180,4200,3719.870117,100497400
1/10/2018,4200,4250,4180,4190,3711.013184,95004000
1/11/2018,4200,4200,4150,4170,3693.299561,80524900
1/12/2018,4160,4190,4130,4130,3657.872314,70976800
1/15/2018,4160,4170,4100,4120,3649.015381,71388000
1/16/2018,4150,4220,4120,4210,3728.726807,84393300
1/17/2018,4210,4220,4180,4200,3719.870117,77197700
1/18/2018,4210,4240,4160,4170,3693.299561,100089500
1/19/2018,4190,4190,4120,4160,3684.442627,70890100
1/22/2018,4120,4160,4120,4130,3657.872314,83090400
1/23/2018,4160,4160,4030,4090,3622.444824,184176500
1/24/2018,4090,4090,3970,3980,3525.019775,241779600
1/25/2018,3980,4020,3920,3970,3516.162842,232552500
1/26/2018,3990,4160,3990,4150,3675.585938,246067800
1/29/2018,4170,4180,4030,4070,3604.731201,156356300
1/30/2018,4020,4040,3960,3970,3516.162842,140694300
1/31/2018,3960,4060,3950,3990,3533.876465,112276200
2/1/2018,4030,4070,3980,3980,3525.019775,102291000
2/2/2018,4030,4030,4000,4000,3542.733398,71707200
2/5/2018,3950,4030,3920,4010,3551.590088,70792500
2/6/2018,3950,3990,3930,3940,3489.592529,146207400
2/7/2018,3990,4020,3950,3980,3525.019775,120081100
2/8/2018,3980,4040,3940,4020,3560.447266,101865000
2/9/2018,3970,4000,3940,3950,3498.449219,78255000
2/12/2018,3950,3990,3950,3960,3507.306152,58535200
2/13/2018,3990,4060,3980,4040,3578.160889,79288000
2/14/2018,4050,4080,3990,4040,3578.160889,63313200
2/15/2018,4050,4060,4000,4010,3551.590088,32896000
2/16/2018,4010,4010,4010,4010,3551.590088,0
2/19/2018,4050,4080,4040,4050,3587.017578,89429500
2/20/2018,4080,4080,4040,4070,3604.731201,53466600
2/21/2018,4040,4080,4020,4070,3604.731201,74130200
2/22/2018,4070,4070,4010,4010,3551.590088,91272600
2/23/2018,4030,4040,4010,4030,3569.303955,59706400
2/26/2018,4050,4050,4010,4030,3569.303955,56293900
2/27/2018,4030,4030,3960,4020,3560.447266,81554100
2/28/2018,3970,4050,3970,4000,3542.733398,94528200
3/1/2018,4050,4090,4020,4060,3595.874512,84215600
3/2/2018,4060,4070,4030,4070,3604.731201,61410200
3/5/2018,4050,4060,4000,4020,3560.447266,56394900
3/6/2018,4050,4060,4020,4020,3560.447266,59010500
3/7/2018,4000,4040,3980,4000,3542.733398,100646000
3/8/2018,4050,4140,4020,4140,3666.729248,152547000
3/9/2018,4150,4160,4090,4150,3675.585938,97354700
3/12/2018,4170,4200,4130,4200,3719.870117,87344000
3/13/2018,4160,4180,4080,4090,3622.444824,96605900
3/14/2018,4070,4090,4040,4060,3595.874512,74296000
3/15/2018,4030,4040,3930,3930,3480.735352,133775500
3/16/2018,3930,3950,3820,3820,3383.310303,208216200
3/19/2018,3860,3900,3810,3820,3383.310303,111808000
3/20/2018,3800,3810,3640,3660,3241.601074,254154700
3/21/2018,3660,3720,3630,3710,3285.885254,152085900
3/22/2018,3720,3810,3690,3700,3277.02832,132850400
3/23/2018,3520,3690,3520,3660,3241.601074,104485500
3/26/2018,3600,3650,3580,3590,3179.603271,104993600
3/27/2018,3630,3650,3540,3560,3153.032715,106157400
3/28/2018,3570,3620,3540,3570,3161.889893,83907700
3/29/2018,3580,3600,3530,3600,3188.459961,106930200
3/30/2018,3600,3600,3600,3600,3188.459961,0
4/2/2018,3640,3680,3600,3670,3250.458008,63944000
4/3/2018,3640,3670,3620,3630,3215.030518,57234700
4/4/2018,3630,3660,3570,3600,3188.459961,80976000
4/5/2018,3650,3690,3650,3680,3259.314941,102973700
4/6/2018,3680,3690,3650,3650,3232.744141,62905500
4/9/2018,3630,3780,3630,3770,3339.026367,114947800
4/10/2018,3740,3880,3730,3860,3418.737793,138847700
4/11/2018,3850,3890,3850,3870,3427.594727,58454500
4/12/2018,3830,3860,3740,3750,3321.3125,76340800
4/13/2018,3760,3780,3630,3660,3241.601074,88313600
4/16/2018,3660,3660,3660,3660,3241.601074,0
4/17/2018,3660,3660,3660,3660,3241.601074,0
4/18/2018,3720,3770,3710,3770,3339.026367,65927000
4/19/2018,3770,3770,3770,3770,3339.026367,0
4/20/2018,3770,3770,3770,3770,3339.026367,0
4/23/2018,3720,3780,3720,3750,3321.3125,72362700
4/24/2018,3810,3830,3770,3830,3392.167236,81396500
4/25/2018,3830,3830,3830,3830,3392.167236,0
4/26/2018,3830,3830,3830,3830,3392.167236,0
4/27/2018,3830,3830,3830,3830,3392.167236,0
4/30/2018,3750,3870,3750,3830,3392.167236,95418200
5/1/2018,3830,3830,3830,3830,3392.167236,0
5/2/2018,3810,3880,3780,3870,3427.594727,118872100
5/3/2018,3850,3860,3740,3740,3312.455811,91601300
5/4/2018,3700,3750,3650,3730,3303.598877,80894300
5/7/2018,3750,3820,3730,3800,3365.596436,97351600
5/8/2018,3650,3670,3570,3620,3234.717529,107379900
5/9/2018,3600,3780,3530,3700,3306.203125,149687500
5/10/2018,3700,3700,3700,3700,3306.203125,0
5/11/2018,3700,3750,3620,3630,3243.65332,120995700
5/14/2018,3560,3610,3500,3540,3163.232178,161018200
5/15/2018,3520,3530,3350,3370,3011.325684,230994800
5/16/2018,3280,3530,3250,3480,3109.61792,205406800
5/17/2018,3510,3610,3490,3490,3118.553711,179026500
5/18/2018,3520,3530,3400,3490,3118.553711,75748600
5/21/2018,3490,3490,3410,3420,3056.003906,57210900
5/22/2018,3420,3500,3420,3470,3100.682617,78667200
5/23/2018,3460,3530,3450,3470,3100.682617,110630200
5/24/2018,3480,3590,3480,3560,3181.103516,84178300
5/25/2018,3540,3590,3530,3560,3181.103516,66374400
5/28/2018,3580,3700,3560,3690,3297.267334,90299200
5/29/2018,3690,3690,3690,3690,3297.267334,0
5/30/2018,3600,3730,3590,3600,3216.845947,148933500
5/31/2018,3600,3610,3500,3520,3145.36084,255204300
6/1/2018,3520,3520,3520,3520,3145.36084,0
6/4/2018,3540,3660,3530,3640,3252.589111,141754800
6/5/2018,3680,3860,3660,3830,3422.366943,181376800
6/6/2018,3790,3830,3760,3790,3386.624268,143554900
6/7/2018,3800,3830,3770,3770,3368.75293,122724300
6/8/2018,3710,3730,3600,3610,3225.781982,260396300
6/11/2018,3610,3610,3610,3610,3225.781982,0
6/12/2018,3610,3610,3610,3610,3225.781982,0
6/13/2018,3610,3610,3610,3610,3225.781982,0
6/14/2018,3610,3610,3610,3610,3225.781982,0
6/15/2018,3610,3610,3610,3610,3225.781982,0
6/18/2018,3610,3610,3610,3610,3225.781982,0
6/19/2018,3610,3610,3610,3610,3225.781982,0
6/20/2018,3540,3710,3510,3710,3315.138672,295386100
6/21/2018,3650,3700,3610,3610,3225.781982,123848500
6/22/2018,3610,3630,3540,3580,3198.974854,121490900
6/25/2018,3630,3690,3600,3660,3270.460449,97826600
6/26/2018,3600,3700,3600,3690,3297.267334,91252300
6/27/2018,3690,3780,3690,3710,3315.138672,106616500
6/28/2018,3700,3720,3660,3660,3270.460449,133779300
6/29/2018,3650,3750,3640,3750,3350.881348,79116600
7/2/2018,3800,3800,3710,3750,3350.881348,55810800
7/3/2018,3740,3740,3670,3700,3306.203125,79439500
7/4/2018,3700,3810,3630,3760,3359.817383,54884500
7/5/2018,3800,3830,3760,3830,3422.366943,59717900
7/6/2018,3850,3890,3830,3860,3449.174072,67655200
7/9/2018,3900,4000,3880,3980,3556.4021,68798500
7/10/2018,3990,4050,3960,4030,3601.080811,118127300
7/11/2018,4000,4080,3960,4060,3627.887695,144055300
7/12/2018,4050,4110,4040,4100,3663.630371,114531700
7/13/2018,4080,4100,3970,4020,3592.14502,120852800
7/16/2018,3970,4030,3860,3940,3520.659668,66229700
7/17/2018,3970,3970,3890,3940,3520.659668,53740400
7/18/2018,3910,4030,3890,4010,3583.209229,75157800
7/19/2018,4000,4000,3910,3910,3493.852295,65340900
7/20/2018,3900,3990,3890,3990,3565.337891,66456000
7/23/2018,4030,4090,4010,4060,3627.887695,74605900
7/24/2018,4090,4090,4030,4030,3601.080811,64353800
7/25/2018,4060,4060,3900,3900,3484.916748,55617500
7/26/2018,3920,3940,3890,3930,3511.723633,55761900
7/27/2018,3910,3950,3890,3940,3520.659668,52506800
7/30/2018,3890,3950,3890,3910,3493.852295,49045100
7/31/2018,3830,3830,3550,3570,3190.039307,339081700
8/1/2018,3570,3600,3500,3550,3172.167725,190720900
8/2/2018,3550,3590,3450,3500,3127.489258,171276100
8/3/2018,3480,3490,3430,3460,3091.746582,224005400
8/6/2018,3480,3670,3480,3650,3261.524658,231846400
8/7/2018,3650,3670,3570,3580,3198.974854,111024900
8/8/2018,3600,3600,3520,3550,3172.167725,109077400
8/9/2018,3520,3550,3490,3490,3118.553711,110452900
8/10/2018,3510,3540,3480,3500,3127.489258,79851700
8/13/2018,3440,3450,3360,3370,3011.325684,106124800
8/14/2018,3360,3440,3330,3350,2993.454102,108189200
8/15/2018,3350,3450,3310,3430,3064.939697,95526000
8/16/2018,3390,3430,3350,3350,2993.454102,112653900
8/17/2018,3350,3350,3350,3350,2993.454102,0
8/20/2018,3420,3450,3370,3390,3029.197021,163133800
8/21/2018,3400,3440,3350,3350,2993.454102,126746000
8/22/2018,3350,3350,3350,3350,2993.454102,0
8/23/2018,3390,3390,3290,3300,2948.775635,209401300
8/24/2018,3290,3340,3270,3290,2939.840088,103476200
8/27/2018,3330,3480,3310,3460,3091.746582,142917000
8/28/2018,3480,3600,3480,3580,3198.974854,224122500
8/29/2018,3560,3610,3520,3580,3198.974854,126710100
8/30/2018,3580,3590,3510,3510,3136.425049,80352300
8/31/2018,3500,3520,3460,3490,3118.553711,109920300
9/3/2018,3520,3550,3480,3490,3118.553711,46014400
9/4/2018,3500,3510,3410,3420,3056.003906,77620800
9/5/2018,3400,3400,3250,3270,2921.968994,183864900
9/6/2018,3250,3380,3250,3360,3002.389893,172294300
9/7/2018,3360,3390,3320,3390,3029.197021,99447200
9/10/2018,3380,3400,3350,3380,3020.26123,48741600
9/11/2018,3380,3380,3380,3380,3020.26123,0
9/12/2018,3380,3390,3310,3320,2966.647217,81217700
9/13/2018,3370,3470,3370,3450,3082.811035,115198100
9/14/2018,3470,3600,3470,3590,3207.910645,156541000
9/17/2018,3550,3570,3430,3470,3100.682617,95431800
9/18/2018,3470,3590,3440,3570,3190.039307,132571400
9/19/2018,3580,3610,3540,3550,3172.167725,88139600
9/20/2018,3590,3640,3570,3600,3216.845947,80194400
9/21/2018,3630,3630,3550,3600,3216.845947,98577800
9/24/2018,3590,3600,3510,3540,3163.232178,48101000
9/25/2018,3540,3560,3520,3560,3181.103516,25350200
9/26/2018,3550,3590,3540,3540,3163.232178,51055900
9/27/2018,3580,3590,3550,3580,3198.974854,49549400
9/28/2018,3600,3670,3600,3640,3252.589111,116695900
10/1/2018,3610,3690,3610,3670,3279.39624,45504900
10/2/2018,3640,3670,3580,3620,3234.717529,61393800
10/3/2018,3570,3640,3570,3600,3216.845947,46611900
10/4/2018,3570,3600,3510,3600,3216.845947,82550500
10/5/2018,3540,3600,3530,3530,3154.296387,59270300
10/8/2018,3500,3530,3470,3520,3145.36084,71886100
10/9/2018,3530,3620,3520,3590,3207.910645,58708100
10/10/2018,3640,3640,3560,3600,3216.845947,31937500
10/11/2018,3500,3640,3480,3570,3190.039307,114418300
10/12/2018,3630,3700,3620,3680,3288.331787,87991200
10/15/2018,3700,3750,3650,3660,3270.460449,68466400
10/16/2018,3680,3780,3680,3780,3377.688477,98103600
10/17/2018,3800,3910,3800,3900,3484.916748,122953700
10/18/2018,3840,3880,3720,3760,3359.817383,102322600
10/19/2018,3700,3770,3690,3730,3333.01001,140162100
10/22/2018,3730,3830,3730,3800,3395.559814,57680500
10/23/2018,3800,3800,3670,3700,3306.203125,53266800
10/24/2018,3700,3710,3520,3520,3145.36084,117672200
10/25/2018,3490,3580,3460,3550,3172.167725,120108900
10/26/2018,3580,3660,3580,3630,3243.65332,100554100
10/29/2018,3630,3660,3580,3660,3270.460449,54304000
10/30/2018,3640,3850,3630,3800,3395.559814,158933000
10/31/2018,3850,3870,3730,3850,3440.238281,140351400
11/1/2018,3850,3880,3810,3880,3467.04541,69586900
11/2/2018,3900,3940,3880,3940,3520.659668,98072700
11/5/2018,3850,3910,3850,3890,3475.980957,60121700
11/6/2018,3930,3930,3820,3890,3475.980957,58088000
11/7/2018,3900,3950,3870,3950,3529.594971,98350100
11/8/2018,3970,4000,3920,4000,3574.273438,74004300
11/9/2018,3960,3960,3920,3920,3502.78833,45243300
11/12/2018,3890,3950,3860,3860,3449.174072,57256000
11/13/2018,3810,3850,3750,3830,3422.366943,89819400
11/14/2018,3860,3880,3750,3750,3350.881348,72968500
11/15/2018,3800,3940,3790,3910,3493.852295,71440400
11/16/2018,3930,4110,3920,4050,3618.952148,128595600
11/19/2018,4050,4050,3930,3950,3529.594971,72785900
11/20/2018,3950,3950,3950,3950,3529.594971,0
11/21/2018,3860,3960,3850,3960,3538.531006,97525800
11/22/2018,3910,3990,3910,3980,3556.4021,52279900
11/23/2018,3980,4000,3950,3990,3565.337891,35499400
11/26/2018,3980,4000,3950,3990,3565.337891,43879100
11/27/2018,3940,3950,3850,3880,3467.04541,116422400
11/28/2018,3890,3900,3710,3720,3324.074707,195860500
11/29/2018,3770,3810,3710,3740,3341.946045,120921500
11/30/2018,3760,3780,3680,3680,3288.331787,151545800
12/3/2018,3740,3770,3700,3700,3306.203125,106891000
12/4/2018,3720,3780,3720,3780,3377.688477,121586400
12/5/2018,3740,3800,3730,3770,3368.75293,58424400
12/6/2018,3740,3770,3700,3710,3315.138672,62164100
12/7/2018,3700,3710,3660,3670,3279.39624,92902000
12/10/2018,3650,3720,3610,3680,3288.331787,70093700
12/11/2018,3640,3670,3610,3620,3234.717529,88050700
12/12/2018,3660,3670,3620,3650,3261.524658,87333000
12/13/2018,3680,3780,3660,3750,3350.881348,118965900
12/14/2018,3800,3840,3730,3730,3333.01001,139547100
12/17/2018,3740,3770,3710,3710,3315.138672,86251600
12/18/2018,3700,3740,3680,3740,3341.946045,79833100
12/19/2018,3740,3810,3740,3810,3404.495605,81542500
12/20/2018,3810,3810,3720,3740,3341.946045,100129200
12/21/2018,3700,3770,3700,3760,3359.817383,114752300
12/24/2018,3760,3760,3760,3760,3359.817383,0
12/25/2018,3760,3760,3760,3760,3359.817383,0
12/26/2018,3730,3750,3700,3730,3333.01001,50416400
12/27/2018,3780,3790,3730,3750,3350.881348,49980900
12/28/2018,3770,3780,3750,3750,3350.881348,48224400
12/31/2018,3750,3750,3750,3750,3350.881348,0
1/1/2019,3750,3750,3750,3750,3350.881348,0
1/2/2019,3750,3760,3700,3730,3333.01001,31355300
1/3/2019,3710,3770,3690,3740,3341.946045,83842400
1/4/2019,3690,3740,3690,3710,3315.138672,73936900
1/7/2019,3760,3790,3750,3770,3368.75293,83678100
1/8/2019,3770,3800,3750,3800,3395.559814,67963700
1/9/2019,3820,3830,3730,3730,3333.01001,98529400
1/10/2019,3760,3800,3740,3800,3395.559814,126396700
1/11/2019,3820,3860,3800,3860,3449.174072,116753700
1/14/2019,3810,3850,3790,3850,3440.238281,68487000
1/15/2019,3860,3930,3850,3930,3511.723633,83464900
1/16/2019,3940,4000,3920,3990,3565.337891,139056700
1/17/2019,3970,3990,3960,3990,3565.337891,78766100
1/18/2019,4010,4020,3970,4020,3592.14502,76350400
1/21/2019,4040,4050,4020,4030,3601.080811,83317600
1/22/2019,4000,4010,3930,4000,3574.273438,95420500
1/23/2019,3950,3980,3920,3920,3502.78833,72518500
1/24/2019,3900,3910,3830,3860,3449.174072,118836500
1/25/2019,3880,3930,3840,3880,3467.04541,75844000
1/28/2019,3880,3890,3730,3780,3377.688477,168983100
1/29/2019,3780,3850,3780,3840,3431.302734,118131200
1/30/2019,3850,3890,3830,3860,3449.174072,85903100
1/31/2019,3900,3920,3870,3900,3484.916748,110953700
2/1/2019,3910,3930,3830,3870,3458.109863,79588900
2/4/2019,3890,3890,3780,3780,3377.688477,70070500
2/5/2019,3780,3780,3780,3780,3377.688477,0
2/6/2019,3820,3870,3820,3860,3449.174072,72180200
2/7/2019,3890,3890,3830,3860,3449.174072,39141500
2/8/2019,3810,3850,3810,3850,3440.238281,32131700
2/11/2019,3870,3940,3860,3930,3511.723633,88628900
2/12/2019,3900,3910,3800,3820,3413.431396,92427800
2/13/2019,3840,3850,3780,3790,3386.624268,113161100
2/14/2019,3790,3810,3740,3740,3341.946045,76939400
2/15/2019,3770,3800,3730,3790,3386.624268,67812600
2/18/2019,3830,3920,3830,3900,3484.916748,80275800
2/19/2019,3930,3940,3900,3920,3502.78833,82962700
2/20/2019,3940,3940,3830,3870,3458.109863,87933000
2/21/2019,3870,3890,3860,3870,3458.109863,48031100
2/22/2019,3870,3870,3820,3840,3431.302734,61392700
2/25/2019,3900,3920,3850,3910,3493.852295,53792400
2/26/2019,3920,3930,3880,3930,3511.723633,49657300
2/27/2019,3900,3940,3890,3910,3493.852295,48788200
2/28/2019,3880,3900,3840,3860,3449.174072,161156000
3/1/2019,3890,3920,3880,3910,3493.852295,49810100
3/4/2019,3910,3910,3850,3850,3440.238281,32250500
3/5/2019,3890,3890,3820,3870,3458.109863,41171000
3/6/2019,3860,3880,3820,3820,3413.431396,69927600
3/7/2019,3820,3820,3820,3820,3413.431396,0
3/8/2019,3810,3820,3740,3740,3341.946045,105963500
3/11/2019,3780,3820,3760,3800,3395.559814,43971600
3/12/2019,3800,3820,3730,3760,3359.817383,43343700
3/13/2019,3730,3770,3710,3720,3324.074707,45607600
3/14/2019,3720,3760,3710,3740,3341.946045,62094100
3/15/2019,3720,3760,3710,3750,3350.881348,68778100
3/18/2019,3770,3820,3760,3820,3413.431396,44322600
3/19/2019,3800,3820,3770,3780,3377.688477,33156500
3/20/2019,3810,3820,3750,3760,3359.817383,42784600
3/21/2019,3800,3810,3780,3790,3386.624268,36527500
3/22/2019,3800,3820,3790,3800,3395.559814,26772900
3/25/2019,3730,3790,3720,3790,3386.624268,49162900
3/26/2019,3780,3820,3780,3820,3413.431396,23049100
3/27/2019,3840,3840,3810,3820,3413.431396,35521900
3/28/2019,3820,3890,3810,3880,3467.04541,55847200
3/29/2019,3880,3970,3880,3960,3538.531006,82231400
4/1/2019,3950,3960,3900,3930,3511.723633,28246400
4/2/2019,3910,3950,3910,3930,3511.723633,35443400
4/3/2019,3930,3930,3930,3930,3511.723633,0
4/4/2019,3980,4040,3950,4030,3601.080811,96122100
4/5/2019,4020,4090,4000,4060,3627.887695,66832600
4/8/2019,4020,4030,3940,3950,3529.594971,73208300
4/9/2019,3980,4000,3910,3950,3529.594971,88580200
4/10/2019,3920,3950,3890,3930,3511.723633,52555500
4/11/2019,3900,3930,3880,3890,3475.980957,51480700
4/12/2019,3820,3870,3810,3830,3422.366943,45324300
4/15/2019,3860,3860,3810,3830,3422.366943,44510600
4/16/2019,3830,3880,3830,3870,3458.109863,62572100
4/17/2019,3870,3870,3870,3870,3458.109863,0
4/18/2019,3920,3950,3840,3860,3449.174072,119263400
4/19/2019,3860,3860,3860,3860,3449.174072,0
4/22/2019,3860,3860,3780,3780,3377.688477,48671200
4/23/2019,3780,3870,3730,3850,3440.238281,86443700
4/24/2019,3850,3860,3780,3840,3431.302734,76660900
4/25/2019,3800,3840,3790,3830,3422.366943,52775100
4/26/2019,3800,3910,3800,3910,3493.852295,66452700
4/29/2019,3850,3900,3850,3860,3449.174072,50143700
4/30/2019,3890,3890,3750,3790,3386.624268,132318200
5/1/2019,3790,3790,3790,3790,3386.624268,0
5/2/2019,3760,3880,3760,3830,3422.366943,136768800
5/3/2019,3800,3830,3760,3820,3413.431396,101522800
5/6/2019,3760,3840,3720,3840,3431.302734,107167400
5/7/2019,3870,3910,3840,3900,3484.916748,74814500
5/8/2019,3890,3920,3870,3900,3484.916748,77743400
5/9/2019,3860,3900,3800,3800,3395.559814,74716500
5/10/2019,3800,3840,3790,3790,3386.624268,66672500
5/13/2019,3820,3840,3760,3770,3368.75293,47605100
5/14/2019,3730,3800,3720,3760,3359.817383,77483200
5/15/2019,3770,3790,3660,3660,3270.460449,57596600
5/16/2019,3660,3720,3530,3600,3216.845947,107366200
5/17/2019,3610,3620,3500,3510,3136.425049,94437400
5/20/2019,3520,3620,3480,3600,3216.845947,82354400
5/21/2019,3600,3630,3550,3600,3216.845947,106104000
5/22/2019,3590,3600,3540,3540,3163.232178,63687000
5/23/2019,3540,3690,3540,3660,3270.460449,113281100
5/24/2019,3700,3780,3690,3750,3350.881348,87594500
5/27/2019,3760,3830,3750,3820,3413.431396,87146600
5/28/2019,3800,3820,3690,3690,3297.267334,322246900
5/29/2019,3750,3830,3730,3780,3377.688477,122534500
5/30/2019,3780,3780,3780,3780,3377.688477,0
5/31/2019,3780,3930,3780,3900,3484.916748,194331700
6/3/2019,3900,3900,3900,3900,3484.916748,0
6/4/2019,3900,3900,3900,3900,3484.916748,0
6/5/2019,3900,3900,3900,3900,3484.916748,0
6/6/2019,3900,3900,3900,3900,3484.916748,0
6/7/2019,3900,3900,3900,3900,3484.916748,0
6/10/2019,4000,4060,3970,4040,3610.016357,222522800
6/11/2019,4010,4060,4000,4020,3592.14502,88861700
6/12/2019,3880,3950,3840,3940,3569.142578,134724400
6/13/2019,3940,3990,3900,3990,3614.436279,115734700
6/14/2019,4020,4050,3970,3990,3614.436279,92466800
6/17/2019,3950,3970,3900,3900,3532.907471,60851700
6/18/2019,3890,3990,3890,3980,3605.377686,66112800
6/20/2019,4110,4110,4020,4040,3659.72998,57673700
6/21/2019,4010,4040,3950,4040,3659.72998,154049700
6/24/2019,4050,4050,3970,3980,3605.377686,50525100
6/25/2019,4040,4040,4000,4010,3632.553711,42601100
6/26/2019,4020,4050,3980,3980,3605.377686,56092200
6/27/2019,4010,4120,4000,4090,3705.023682,94221200
6/28/2019,4100,4200,4090,4140,3750.317383,130153100
7/1/2019,4200,4240,4170,4220,3822.787109,79382300
7/2/2019,4240,4250,4180,4250,3849.963623,87999800
7/3/2019,4160,4240,4160,4240,3840.904785,63296200
7/4/2019,4190,4260,4190,4250,3849.963623,38459300
7/5/2019,4260,4280,4240,4280,3877.139648,50332800
7/8/2019,4230,4290,4210,4270,3868.080811,57903400
7/9/2019,4300,4370,4270,4350,3940.550781,124822400
7/10/2019,4310,4320,4260,4290,3886.198486,62529900
7/11/2019,4250,4280,4240,4270,3868.080811,25645900
7/12/2019,4240,4250,4170,4180,3786.552246,57088600
7/15/2019,4250,4290,4230,4280,3877.139648,66960500
7/16/2019,4240,4280,4210,4240,3840.904785,45461500
7/17/2019,4250,4260,4220,4230,3831.845947,32069800
7/18/2019,4220,4250,4210,4240,3840.904785,45408100
7/19/2019,4260,4280,4250,4270,3868.080811,60692800
7/22/2019,4250,4270,4230,4260,3859.022217,37513700
7/23/2019,4260,4270,4200,4250,3849.963623,62628100
7/24/2019,4230,4240,4160,4190,3795.611084,73904300
7/25/2019,4160,4240,4160,4210,3813.728516,49276300
7/26/2019,4160,4210,4110,4160,3768.434814,70952400
7/29/2019,4150,4240,4140,4200,3804.669922,54336900
7/30/2019,4280,4300,4260,4270,3868.080811,88417200
7/31/2019,4240,4300,4210,4300,3895.257324,175741000
8/1/2019,4300,4300,4260,4280,3877.139648,94856600
8/2/2019,4280,4300,4250,4280,3877.139648,82253800
8/5/2019,4200,4220,4060,4080,3695.964844,112253200
8/6/2019,4060,4190,4050,4130,3741.258545,108890100
8/7/2019,4230,4270,4170,4210,3813.728516,104785500
8/8/2019,4270,4290,4240,4260,3859.022217,95204000
8/9/2019,4300,4300,4240,4260,3859.022217,89600500
8/12/2019,4300,4320,4230,4260,3859.022217,41817800
8/13/2019,4290,4290,4230,4250,3849.963623,98757900
8/14/2019,4300,4300,4270,4290,3886.198486,84928200
8/15/2019,4200,4290,4200,4290,3886.198486,97255500
8/16/2019,4300,4310,4220,4280,3877.139648,51853900
8/19/2019,4340,4340,4290,4340,3931.491943,86011300
8/20/2019,4350,4470,4340,4470,4049.255615,143171600
8/21/2019,4460,4500,4390,4410,3994.90332,99649300
8/22/2019,4380,4450,4320,4450,4031.138184,110968600
8/23/2019,4390,4450,4340,4380,3967.727051,83823900
8/26/2019,4280,4360,4280,4330,3922.433594,77603200
8/27/2019,4390,4410,4320,4380,3967.727051,168209400
8/28/2019,4430,4430,4350,4370,3958.668213,68091100
8/29/2019,4370,4440,4370,4380,3967.727051,65718900
8/30/2019,4430,4450,4420,4450,4031.138184,95138200
9/2/2019,4440,4450,4400,4410,3994.90332,27531000
9/3/2019,4440,4440,4330,4350,3940.550781,66884700
9/4/2019,4310,4350,4280,4290,3886.198486,78905600
9/5/2019,4290,4360,4290,4320,3913.374756,97098300
9/6/2019,4360,4360,4210,4210,3813.728516,117223300
9/9/2019,4280,4300,4240,4270,3868.080811,47057300
9/10/2019,4300,4300,4250,4270,3868.080811,80403000
9/11/2019,4300,4300,4210,4250,3849.963623,90211600
9/12/2019,4220,4230,4160,4170,3777.493408,70382200
9/13/2019,4230,4230,4160,4160,3768.434814,64074800
9/16/2019,4160,4260,4160,4220,3822.787109,85284700
9/17/2019,4240,4280,4220,4270,3868.080811,86432000
9/18/2019,4250,4280,4230,4250,3849.963623,72359600
9/19/2019,4260,4260,4190,4210,3813.728516,58720600
9/20/2019,4250,4300,4230,4290,3886.198486,132359100
9/23/2019,4290,4300,4230,4250,3849.963623,70483600
9/24/2019,4210,4240,4150,4210,3813.728516,88979100
9/25/2019,4220,4250,4180,4220,3822.787109,84582300
9/26/2019,4220,4370,4200,4360,3949.609375,79324000
9/27/2019,4310,4350,4300,4310,3904.315918,52305800
9/30/2019,4270,4330,4270,4310,3904.315918,111879100
10/1/2019,4400,4400,4220,4250,3849.963623,60332400
10/2/2019,4260,4300,4190,4200,3804.669922,51606300
10/3/2019,4190,4250,4160,4200,3804.669922,56433000
10/4/2019,4250,4250,4180,4190,3795.611084,34082000
10/7/2019,4240,4240,4090,4110,3723.141113,42996900
10/8/2019,4170,4170,4060,4090,3705.023682,74448900
10/9/2019,4090,4170,4080,4120,3732.199951,59314500
10/10/2019,4060,4120,4060,4110,3723.141113,34345600
10/11/2019,4100,4170,4100,4170,3777.493408,42198800
10/14/2019,4200,4210,4150,4190,3795.611084,52681800
10/15/2019,4190,4190,4150,4170,3777.493408,64670200
10/16/2019,4170,4190,4140,4170,3777.493408,70555700
10/17/2019,4160,4180,4140,4170,3777.493408,50695300
10/18/2019,4170,4190,4160,4190,3795.611084,169540200
10/21/2019,4200,4250,4190,4200,3804.669922,63797000
10/22/2019,4200,4250,4200,4230,3831.845947,56711100
10/23/2019,4210,4270,4210,4260,3859.022217,97971900
10/24/2019,4300,4350,4250,4350,3940.550781,99213400
10/25/2019,4320,4360,4270,4280,3877.139648,67661500
10/28/2019,4280,4280,4220,4260,3859.022217,30710600
10/29/2019,4230,4330,4220,4330,3922.433594,68715000
10/30/2019,4290,4350,4210,4270,3868.080811,89575600
10/31/2019,4220,4240,4080,4110,3723.141113,185713300
11/1/2019,4090,4150,4060,4080,3695.964844,107208500
11/4/2019,4080,4160,4080,4150,3759.376221,65897700
11/5/2019,4170,4200,4130,4200,3804.669922,109276000
11/6/2019,4180,4190,4110,4120,3732.199951,134618700
11/7/2019,4150,4150,3990,4070,3686.90625,125291200
11/8/2019,4010,4120,3990,4110,3723.141113,70404800
11/11/2019,4040,4120,4040,4100,3714.08252,57079800
11/12/2019,4050,4190,4050,4180,3786.552246,88251100
11/13/2019,4130,4170,4100,4150,3759.376221,91925700
11/14/2019,4110,4130,4010,4050,3668.788818,123468500
11/15/2019,4080,4090,4030,4080,3695.964844,50780500
11/18/2019,4040,4060,3990,4000,3623.494873,104978700
11/19/2019,4000,4020,3970,4020,3641.612549,113996600
11/20/2019,4000,4090,4000,4090,3705.023682,149185500
11/21/2019,4050,4090,4020,4020,3641.612549,64005900
11/22/2019,4030,4050,4000,4050,3668.788818,76569400
11/25/2019,4070,4070,3940,3950,3578.201172,107581200
11/26/2019,3950,3960,3860,3860,3496.672607,281002600
11/27/2019,3870,3930,3800,3880,3514.790283,97511300
11/28/2019,3830,3900,3800,3820,3460.437744,70635000
11/29/2019,3860,3950,3840,3930,3560.083984,72146900
12/2/2019,3960,3960,3930,3950,3578.201172,74263500
12/3/2019,3920,3940,3910,3920,3551.025146,74494000
12/4/2019,3920,3990,3900,3990,3614.436279,64948300
12/5/2019,3990,4080,3990,4060,3677.847412,118494800
12/6/2019,4040,4100,4020,4100,3714.08252,50682100
12/9/2019,4080,4110,4050,4070,3686.90625,80864200
12/10/2019,4050,4070,4010,4040,3659.72998,54824900
12/11/2019,4010,4050,4000,4050,3668.788818,79749500
12/12/2019,4040,4050,3950,3950,3578.201172,147627000
12/13/2019,4000,4020,3960,3990,3614.436279,81937300
12/16/2019,3970,4020,3960,3970,3596.318848,86479200
12/17/2019,3970,3990,3950,3980,3605.377686,91747200
12/18/2019,3960,4000,3950,3990,3614.436279,101569300
12/19/2019,3970,3980,3900,3900,3532.907471,127316000
12/20/2019,3900,4020,3900,4020,3641.612549,152132200
12/23/2019,4020,4030,3980,4020,3641.612549,58715700
12/26/2019,4020,4020,3980,4000,3623.494873,36935300
12/27/2019,3990,4010,3980,3990,3614.436279,52812000
12/30/2019,3980,4030,3970,3970,3596.318848,67738300
1/2/2020,3970,4000,3900,3910,3541.966309,52094000
1/3/2020,3960,3980,3930,3980,3605.377686,70032900
1/6/2020,3930,3970,3930,3960,3587.26001,42908900
1/7/2020,3930,3970,3920,3940,3569.142578,51837600
1/8/2020,3920,3950,3900,3900,3532.907471,52402600
1/9/2020,3920,3970,3920,3960,3587.26001,37580300
1/10/2020,3980,3990,3950,3980,3605.377686,48099000
1/13/2020,4000,4030,3990,4030,3650.671143,61913800
1/14/2020,3980,4000,3940,3950,3578.201172,95058600
1/15/2020,3960,3960,3870,3880,3514.790283,147583300
1/16/2020,3890,3890,3830,3850,3487.61377,118903100
1/17/2020,3860,3870,3800,3810,3451.378906,119904100
1/20/2020,3820,3840,3800,3810,3451.378906,73599200
1/21/2020,3810,3900,3810,3890,3523.848877,78014400
1/22/2020,3890,3890,3850,3860,3496.672607,45839800
1/23/2020,3860,3880,3830,3880,3514.790283,41077400
1/24/2020,3880,3930,3860,3920,3551.025146,58524000
1/27/2020,3920,3920,3830,3840,3478.55542,33081800
1/28/2020,3810,3840,3800,3830,3469.496582,56210000
1/29/2020,3840,3900,3840,3900,3532.907471,51929800
1/30/2020,3910,3910,3850,3860,3496.672607,60391600
1/31/2020,3890,3890,3780,3800,3442.320068,120447900
2/3/2020,3800,3820,3730,3740,3387.968018,68360600
2/4/2020,3810,3810,3730,3760,3406.085205,77259600
2/5/2020,3760,3780,3720,3770,3415.144043,68150800
2/6/2020,3800,3800,3750,3760,3406.085205,56261500
2/7/2020,3780,3820,3760,3790,3433.261719,53578900
2/10/2020,3800,3850,3780,3810,3451.378906,86588500
2/11/2020,3810,3830,3780,3790,3433.261719,50248200
2/12/2020,3800,3850,3780,3820,3460.437744,73840300
2/13/2020,3820,3830,3710,3730,3378.90918,66699800
2/14/2020,3680,3730,3640,3640,3297.380615,108793300
2/17/2020,3630,3660,3590,3610,3270.204346,94887800
2/18/2020,3590,3660,3590,3620,3279.262939,94382900
2/19/2020,3620,3640,3590,3620,3279.262939,63717800
2/20/2020,3620,3650,3600,3630,3288.321777,53035400
2/21/2020,3650,3710,3640,3690,3342.674316,86862600
2/24/2020,3670,3720,3630,3640,3297.380615,72610600
2/25/2020,3600,3670,3590,3590,3252.086914,73990700
2/26/2020,3530,3550,3450,3510,3179.616943,133449900
2/27/2020,3510,3550,3420,3470,3143.38208,88389400
2/28/2020,3390,3490,3340,3490,3161.499268,151751800
3/2/2020,3470,3550,3440,3440,3116.205566,96802900
3/3/2020,3510,3660,3470,3620,3279.262939,114698200
3/4/2020,3640,3840,3630,3830,3469.496582,136081000
3/5/2020,3820,3880,3760,3830,3469.496582,101235000
3/6/2020,3730,3790,3710,3750,3397.026611,86476000
3/9/2020,3560,3620,3500,3500,3170.558105,109347300
3/10/2020,3480,3620,3480,3490,3161.499268,119718000
3/11/2020,3470,3480,3370,3400,3079.970703,115486900
3/12/2020,3300,3440,3270,3310,2998.442139,84363800
3/13/2020,3310,3310,3310,3310,2998.442139,0
3/16/2020,3300,3300,3160,3160,2862.561035,115972300
3/17/2020,3160,3160,2940,2940,2663.268799,150122700
3/18/2020,3010,3080,2740,2810,2545.505371,150147300
3/19/2020,2810,2810,2620,2620,2373.389404,138987300
3/20/2020,2660,2990,2450,2880,2608.91626,267694700
3/23/2020,2880,2880,2680,2680,2427.741455,86157200
3/24/2020,2700,2880,2570,2620,2373.389404,243778900
3/26/2020,2550,3080,2550,2980,2699.503906,267369500
3/27/2020,3050,3270,3050,3090,2799.149902,200952500
3/30/2020,3060,3180,2880,3140,2844.443604,134474300
3/31/2020,3180,3300,3120,3160,2862.561035,151302900
4/1/2020,3180,3200,3040,3100,2808.208496,104550600
4/2/2020,3100,3130,3020,3130,2835.38501,92893600
4/3/2020,3150,3220,3120,3200,2898.795898,83469200
4/6/2020,3280,3330,3180,3330,3016.559814,115495000
4/7/2020,3390,3500,3200,3220,2916.913574,166425600
4/8/2020,3220,3220,3050,3110,2817.267334,124553900
4/9/2020,3110,3180,3030,3120,2826.326172,122622400
4/13/2020,3140,3230,3130,3180,2880.678711,45469500
4/14/2020,3200,3250,3160,3240,2935.030762,79114600
4/15/2020,3250,3300,3090,3110,2817.267334,69832000
4/16/2020,3110,3110,3000,3000,2717.621338,109582500
4/17/2020,3050,3250,3050,3230,2925.972412,127860400
4/20/2020,3270,3270,3120,3120,2826.326172,77306900
4/21/2020,3120,3130,3050,3070,2781.032471,43239400
4/22/2020,3050,3270,3030,3160,2862.561035,126278300
4/23/2020,3200,3240,3070,3070,2781.032471,117391500
4/24/2020,3100,3160,3080,3090,2799.149902,84061400
4/27/2020,3120,3200,3100,3150,2853.502197,85475400
4/28/2020,3170,3200,3140,3160,2862.561035,80212700
4/29/2020,3200,3390,3100,3350,3034.677002,154902100
4/30/2020,3400,3540,3350,3500,3170.558105,163170100
5/4/2020,3400,3400,3260,3320,3007.500977,108988600
5/5/2020,3320,3390,3320,3320,3007.500977,74036700
5/6/2020,3300,3340,3220,3240,2935.030762,86395000
5/8/2020,3270,3290,3150,3190,2889.737305,143584400
5/11/2020,3220,3250,3210,3220,2916.913574,58473100
5/12/2020,3270,3270,3100,3150,2853.502197,138978700
5/13/2020,3150,3170,3080,3160,2862.561035,73238700
5/14/2020,3110,3140,3060,3070,2781.032471,101581300
5/15/2020,3100,3130,3020,3100,2808.208496,114753900
5/18/2020,3100,3220,3100,3220,2916.913574,108828800
5/19/2020,3250,3330,3250,3270,2962.207275,97387100
5/20/2020,3200,3260,3180,3180,2880.678711,76086600
5/26/2020,3150,3280,3130,3250,2944.0896,105792900
5/27/2020,3250,3270,3150,3170,2871.619873,128693900
5/28/2020,3180,3210,3130,3130,2835.38501,177385100
5/29/2020,3100,3150,3080,3150,2853.502197,276092100
6/2/2020,3160,3270,3120,3250,2944.0896,174790600
6/3/2020,3280,3320,3230,3290,2980.324463,216200900
6/4/2020,3320,3390,3250,3300,2989.383301,167708600
6/5/2020,3360,3360,3200,3230,2925.972412,188420700
6/8/2020,3250,3290,3220,3230,2925.972412,221641600
6/9/2020,3250,3270,3140,3140,2844.443604,171214500
6/10/2020,3150,3190,3100,3110,2817.267334,263483700
6/11/2020,3120,3150,3060,3080,2790.091309,175767800
6/12/2020,3080,3080,2970,3030,2744.797607,260087300
6/15/2020,3060,3150,3030,3090,2799.149902,241625700
6/16/2020,3150,3220,3130,3200,2898.795898,194424800
6/17/2020,3210,3230,3140,3210,2907.854736,177784900
6/18/2020,3210,3350,3180,3280,2971.266113,235586600
6/19/2020,3300,3340,3250,3280,2971.266113,227358800
6/22/2020,3290,3300,3180,3200,2898.795898,159776500
6/23/2020,3200,3200,3120,3130,2835.38501,167271000
6/24/2020,3150,3230,3140,3180,2880.678711,170895600
6/25/2020,3160,3220,3140,3160,2862.561035,100882600
6/26/2020,3190,3220,3180,3190,2889.737305,100784500
6/29/2020,3200,3250,3160,3180,2880.678711,156613200
6/30/2020,3090,3100,3050,3050,2903.591309,258068400
7/1/2020,3070,3100,3010,3040,2894.071289,148037400
7/2/2020,3040,3140,3040,3140,2989.270996,178357900
7/3/2020,3150,3180,3110,3120,2970.231201,102033100
7/6/2020,3130,3150,3040,3050,2903.591309,248572600
7/7/2020,3060,3120,3050,3120,2970.231201,169104200
7/8/2020,3130,3160,3110,3150,2998.791016,158166300
7/9/2020,3170,3190,3110,3110,2960.711182,125940800
7/10/2020,3110,3130,3100,3110,2960.711182,95422400
7/13/2020,3120,3130,3080,3090,2941.671143,77733900
7/14/2020,3100,3110,3070,3080,2932.151367,111442600
7/15/2020,3120,3130,3080,3090,2941.671143,102304100
7/16/2020,3090,3110,3080,3100,2951.191162,91951000
7/17/2020,3100,3110,3060,3060,2913.111328,112416300
7/20/2020,3080,3080,3040,3060,2913.111328,64735500
7/21/2020,3050,3110,3050,3060,2913.111328,101283800
7/22/2020,3070,3090,3060,3070,2922.631348,69462100
7/23/2020,3070,3090,3060,3070,2922.631348,70482100
7/24/2020,3080,3080,3020,3020,2875.031494,137265100
7/27/2020,3020,3050,3020,3040,2894.071289,58708800
7/28/2020,3050,3050,3010,3020,2875.031494,102705300
7/29/2020,3030,3050,3000,3000,2855.991455,114352000
7/30/2020,3040,3050,3000,3050,2903.591309,95785000
8/3/2020,3060,3060,2850,2920,2779.831787,255659800
8/4/2020,2970,2970,2920,2950,2808.391602,96018000
8/5/2020,2960,3040,2920,3020,2875.031494,120719100
8/6/2020,3050,3050,3000,3020,2875.031494,71699000
8/7/2020,3020,3030,2970,2980,2836.95166,78347200
8/10/2020,3000,3020,2970,2970,2827.431641,65485400
8/11/2020,2980,3000,2930,2930,2789.351563,175693000
8/12/2020,2930,2960,2920,2950,2808.391602,110934800
8/13/2020,2950,3020,2950,3010,2865.511475,160906600
8/14/2020,3020,3040,3000,3030,2884.551514,93007500
8/18/2020,3030,3060,3000,3050,2903.591309,139358500
8/19/2020,3050,3050,3000,3000,2855.991455,103980600
8/24/2020,3010,3020,2990,3000,2855.991455,76713900
8/25/2020,3010,3010,2980,2980,2836.95166,100013600
8/26/2020,2980,3050,2980,3020,2875.031494,122465300
8/27/2020,3020,3040,2970,2990,2846.471436,102787800
8/28/2020,2990,2990,2940,2960,2817.911621,160569500
8/31/2020,2960,2980,2860,2860,2722.711914,204261100
9/1/2020,2900,2910,2860,2900,2760.791748,90565400
9/2/2020,2900,2970,2900,2950,2808.391602,107589800
9/3/2020,2950,2960,2880,2900,2760.791748,123106100
9/4/2020,2850,2890,2840,2860,2722.711914,143569100
9/7/2020,2870,2910,2870,2900,2760.791748,62206600
9/8/2020,2890,2900,2860,2860,2722.711914,80068200
9/9/2020,2850,2860,2800,2800,2665.592041,108397400
9/10/2020,2800,2800,2620,2700,2570.392334,287496300
9/11/2020,2670,2840,2650,2810,2675.112061,197756800
9/14/2020,2830,2890,2820,2890,2751.271729,127562700
9/15/2020,2890,2900,2810,2830,2694.151855,106215900
9/16/2020,2810,2830,2770,2790,2656.072021,68113400
9/17/2020,2810,2850,2780,2820,2684.63208,97257400
9/18/2020,2850,2890,2840,2890,2751.271729,162116700
9/21/2020,2890,2910,2800,2810,2675.112061,100305100
9/22/2020,2790,2810,2750,2780,2646.552002,75891600
9/23/2020,2770,2810,2740,2800,2665.592041,85953300
9/24/2020,2750,2760,2710,2730,2598.952148,74516800
9/25/2020,2720,2740,2670,2690,2560.872314,180968900
9/28/2020,2710,2730,2660,2660,2532.3125,89256700
9/29/2020,2690,2690,2630,2630,2503.752441,155853900
9/30/2020,2630,2650,2540,2560,2437.112793,235611600
10/1/2020,2600,2760,2600,2750,2617.992188,225006000
10/2/2020,2750,2750,2650,2680,2551.352295,140161900
10/5/2020,2690,2710,2640,2650,2522.79248,124720200
10/6/2020,2680,2700,2620,2650,2522.79248,148977400
10/7/2020,2650,2670,2620,2660,2532.3125,110186000
10/8/2020,2670,2720,2650,2700,2570.392334,154587800
10/9/2020,2710,2750,2700,2730,2598.952148,109122300
10/12/2020,2750,2760,2710,2730,2598.952148,77479100
10/13/2020,2730,2740,2680,2730,2598.952148,97205500
10/14/2020,2730,2830,2710,2810,2675.112061,183236500
10/15/2020,2800,2850,2760,2780,2646.552002,138462900
10/16/2020,2780,2780,2720,2750,2617.992188,135175000
10/19/2020,2800,2810,2710,2710,2579.912354,187840500
10/20/2020,2710,2740,2670,2670,2541.83252,168211100
10/21/2020,2680,2710,2670,2680,2551.352295,142146300
10/22/2020,2670,2720,2650,2700,2570.392334,257179400
10/23/2020,2710,2720,2630,2630,2503.752441,166356000
10/26/2020,2630,2680,2630,2650,2522.79248,97523200
10/27/2020,2640,2690,2620,2620,2494.232666,146366600
11/2/2020,2590,2620,2550,2560,2437.112793,391510600
11/3/2020,2570,2590,2540,2580,2456.152588,188874000
11/4/2020,2600,2640,2580,2580,2456.152588,150678200
11/5/2020,2630,2810,2620,2770,2637.032227,369260400
11/6/2020,2800,2840,2750,2830,2694.151855,243865800
11/9/2020,2860,2900,2840,2880,2741.751709,208192700
11/10/2020,2950,2950,2860,2860,2722.711914,195337300
11/11/2020,2900,3100,2880,3080,2932.151367,480530200
11/12/2020,3080,3080,3010,3040,2894.071289,169609900
11/13/2020,3010,3010,2950,2990,2846.471436,186708800
11/16/2020,3040,3100,3020,3070,2922.631348,206145500
11/17/2020,3100,3270,3100,3220,3065.430908,527501800
11/18/2020,3200,3250,3160,3180,3027.351074,239122600
11/19/2020,3150,3220,3140,3170,3017.831055,185558800
11/20/2020,3190,3270,3180,3220,3065.430908,211892500
11/23/2020,3230,3340,3220,3320,3160.630615,260752200
11/24/2020,3350,3380,3330,3350,3189.19043,207503900
11/25/2020,3370,3390,3280,3280,3122.550781,253156200
11/26/2020,3280,3480,3280,3470,3303.430176,374185400
11/27/2020,3480,3500,3420,3460,3293.910156,163651600
11/30/2020,3460,3470,3220,3230,3074.950928,624142600
12/1/2020,3230,3320,3160,3240,3084.470703,277929200
12/2/2020,3270,3330,3240,3330,3170.150635,187276600
12/3/2020,3330,3360,3280,3300,3141.590576,121434200
12/4/2020,3270,3280,3210,3250,3093.990723,170418900
12/7/2020,3280,3330,3260,3330,3170.150635,175436900
12/8/2020,3350,3350,3290,3300,3141.590576,113775100
12/10/2020,3270,3290,3250,3260,3103.510742,229380200
12/11/2020,3270,3330,3250,3280,3122.550781,154365400
12/14/2020,3300,3340,3250,3320,3160.630615,281474900
12/15/2020,3320,3490,3290,3450,3284.390137,410175700
12/16/2020,3500,3640,3500,3610,3436.709717,455088400
12/17/2020,3610,3620,3520,3540,3370.070068,249797800
12/18/2020,3500,3540,3500,3510,3341.51001,187856600
12/21/2020,3530,3610,3510,3520,3351.030029,267970200
12/22/2020,3500,3540,3340,3360,3198.710449,311860000
12/23/2020,3350,3420,3240,3320,3160.630615,240067600
12/28/2020,3370,3460,3280,3430,3265.350342,178138100
12/29/2020,3500,3530,3400,3420,3255.830322,184525500
12/30/2020,3420,3420,3310,3310,3151.110596,150844500
1/4/2021,3320,3500,3310,3490,3322.469971,165339800
1/5/2021,3480,3480,3420,3470,3303.430176,157800700
1/6/2021,3470,3490,3330,3370,3208.230469,177877900
1/7/2021,3390,3450,3380,3390,3227.270264,140221900
1/8/2021,3450,3620,3440,3570,3398.629883,492643700
1/11/2021,3590,3640,3570,3600,3427.189697,271231200
1/12/2021,3600,3620,3500,3510,3341.51001,189779500
1/13/2021,3550,3550,3460,3480,3312.950195,162329300
1/14/2021,3480,3590,3470,3500,3331.98999,187448400
1/15/2021,3510,3540,3450,3480,3312.950195,133304300
1/18/2021,3480,3520,3430,3450,3284.390137,138913100
1/19/2021,3470,3490,3370,3410,3246.310303,144100700
1/20/2021,3420,3480,3380,3470,3303.430176,116098100
1/21/2021,3500,3520,3460,3480,3312.950195,81801900
1/22/2021,3420,3440,3360,3390,3227.270264,165024200
1/25/2021,3370,3410,3310,3370,3208.230469,118131800
1/26/2021,3360,3390,3260,3260,3103.510742,111414500
1/27/2021,3340,3380,3260,3380,3217.750488,159144700
1/28/2021,3280,3330,3230,3240,3084.470703,142648800
1/29/2021,3290,3290,3110,3110,2960.711182,191915100
2/1/2021,3130,3250,3040,3230,3074.950928,133929600
2/2/2021,3300,3330,3250,3270,3113.030762,114734600
2/3/2021,3250,3330,3220,3240,3084.470703,86433900
2/4/2021,3270,3330,3260,3290,3132.070557,80319500
2/5/2021,3320,3320,3270,3290,3132.070557,52630500
2/8/2021,3300,3370,3270,3280,3122.550781,96635600
2/9/2021,3250,3300,3180,3200,3046.390869,157479200
2/10/2021,3180,3220,3160,3190,3036.87085,125221400
2/11/2021,3220,3230,3170,3190,3036.87085,79940700
2/15/2021,3200,3260,3200,3220,3065.430908,88883300
2/16/2021,3200,3250,3190,3210,3055.910889,82026300
2/17/2021,3220,3250,3140,3150,2998.791016,121105300
2/18/2021,3190,3270,3180,3180,3027.351074,151200300
2/19/2021,3180,3220,3170,3210,3055.910889,63214600
2/22/2021,3210,3240,3170,3170,3017.831055,100425500
2/23/2021,3200,3480,3200,3470,3303.430176,354966200
2/24/2021,3490,3550,3460,3480,3312.950195,303017100
2/25/2021,3510,3570,3450,3490,3322.469971,226833000
2/26/2021,3450,3510,3410,3490,3322.469971,230007700
3/1/2021,3490,3510,3470,3490,3322.469971,91513500
3/2/2021,3490,3500,3440,3460,3293.910156,169061400
3/3/2021,3480,3480,3420,3440,3274.870117,82610700
3/4/2021,3420,3430,3350,3360,3198.710449,142322100
3/5/2021,3340,3370,3320,3320,3160.630615,128546000
3/8/2021,3360,3400,3330,3340,3179.67041,80094900
3/9/2021,3370,3390,3280,3290,3132.070557,110090800
3/10/2021,3340,3420,3310,3400,3236.790283,91631900
3/12/2021,3440,3480,3430,3450,3284.390137,100195200
3/15/2021,3440,3450,3380,3380,3217.750488,50077300
3/16/2021,3400,3410,3360,3360,3198.710449,60111200
3/17/2021,3410,3430,3370,3390,3227.270264,61701400
3/18/2021,3450,3480,3430,3450,3284.390137,101896400
3/19/2021,3410,3440,3380,3440,3274.870117,140000000
3/22/2021,3440,3440,3380,3380,3217.750488,53870300
3/23/2021,3390,3420,3350,3360,3198.710449,55323200
3/24/2021,3320,3390,3320,3370,3208.230469,67173200
3/25/2021,3400,3430,3380,3410,3246.310303,107607200
3/26/2021,3410,3500,3390,3490,3322.469971,106810400
3/29/2021,3470,3490,3400,3410,3246.310303,72214100
3/30/2021,3420,3430,3360,3380,3217.750488,66491800
3/31/2021,3380,3420,3330,3420,3255.830322,134671900
4/1/2021,3390,3440,3380,3390,3227.270264,73332000
4/5/2021,3430,3430,3370,3380,3217.750488,36029200
4/6/2021,3400,3410,3370,3370,3208.230469,40566400
4/7/2021,3410,3430,3380,3400,3236.790283,84754300
4/8/2021,3380,3400,3380,3390,3227.270264,59079700
4/9/2021,3390,3390,3360,3360,3198.710449,56861400
4/12/2021,3340,3390,3300,3310,3151.110596,79003200
4/13/2021,3340,3340,3300,3330,3170.150635,51300200
4/14/2021,3360,3360,3320,3340,3179.67041,52587500
4/15/2021,3340,3360,3320,3360,3198.710449,65669100
4/16/2021,3370,3370,3320,3360,3198.710449,52517800
4/19/2021,3330,3360,3330,3340,3179.67041,44899700
4/20/2021,3330,3350,3300,3320,3160.630615,55700100
4/21/2021,3290,3330,3280,3280,3122.550781,47167800
4/22/2021,3290,3340,3290,3330,3170.150635,54970000
4/23/2021,3330,3330,3290,3310,3151.110596,39798400
4/26/2021,3280,3300,3250,3250,3093.990723,55076200
4/27/2021,3240,3250,3140,3160,3008.311035,166985400
4/28/2021,3160,3170,3130,3140,2989.270996,91596300
4/29/2021,3150,3210,3140,3200,3046.390869,111785100
4/30/2021,3220,3260,3200,3200,3046.390869,143840800
5/3/2021,3200,3210,3130,3170,3017.831055,124724400
5/4/2021,3180,3210,3170,3210,3055.910889,60180600
5/5/2021,3210,3210,3180,3200,3046.390869,76480300
5/6/2021,3200,3200,3150,3190,3036.87085,91955600
5/7/2021,3200,3220,3180,3190,3036.87085,98099900
5/10/2021,3190,3200,3160,3170,3017.831055,104121900
5/11/2021,3170,3200,3150,3180,3027.351074,94281900
5/17/2021,3190,3190,3150,3190,3036.87085,114071400
5/18/2021,3190,3190,3150,3180,3027.351074,77310400
5/19/2021,3150,3220,3150,3160,3008.311035,48958100
5/20/2021,3190,3320,3180,3310,3151.110596,197430900
5/21/2021,3340,3350,3270,3270,3113.030762,104101400
5/24/2021,3290,3330,3220,3260,3103.510742,64347100
5/25/2021,3290,3320,3270,3300,3141.590576,62218300
5/27/2021,3350,3400,3330,3380,3217.750488,233551300
5/28/2021,3380,3400,3260,3270,3113.030762,87439800
5/31/2021,3300,3460,3300,3440,3274.870117,155768200
6/2/2021,3490,3500,3420,3450,3284.390137,108933400
6/3/2021,3420,3490,3420,3490,3322.469971,77627900
6/4/2021,3490,3510,3450,3500,3331.98999,70624200
6/7/2021,3540,3570,3500,3550,3379.589844,124440300
6/8/2021,3550,3550,3470,3500,3331.98999,132409400
6/9/2021,3340,3400,3310,3390,3390,112204200
6/10/2021,3350,3500,3340,3480,3480,137713700
6/11/2021,3490,3500,3420,3470,3470,82336600
6/14/2021,3460,3470,3400,3410,3410,46016500
6/15/2021,3410,3440,3380,3440,3440,60528600
6/16/2021,3380,3430,3380,3410,3410,39149800
6/17/2021,3370,3420,3350,3350,3350,50286100
6/18/2021,3350,3400,3290,3350,3350,168414300
6/21/2021,3280,3340,3260,3300,3300,74248200
6/22/2021,3300,3370,3290,3300,3300,89349200
6/23/2021,3310,3420,3310,3370,3370,81901000
6/24/2021,3330,3360,3240,3250,3250,101334200
6/25/2021,3250,3300,3240,3250,3250,58330700
6/28/2021,3250,3260,3170,3170,3170,66338900
6/29/2021,3190,3260,3150,3160,3160,123411200
6/30/2021,3150,3180,3130,3150,3150,142204500
7/1/2021,3160,3170,3090,3110,3110,143665900
7/2/2021,3110,3130,3060,3070,3070,161855700
7/5/2021,3070,3090,3010,3040,3040,133815000
7/6/2021,3050,3070,3000,3010,3010,151573500
7/7/2021,3030,3070,3010,3030,3030,110215500
7/8/2021,3060,3060,3000,3010,3010,132576600
7/9/2021,3040,3170,3030,3160,3160,222916400
7/12/2021,3190,3190,3110,3130,3130,86268000
7/13/2021,3160,3160,3050,3070,3070,82856600
7/14/2021,3050,3070,3020,3060,3060,84993400
7/15/2021,3110,3140,3080,3130,3130,88092800
7/16/2021,3140,3170,3110,3170,3170,63626300
7/19/2021,3160,3230,3150,3220,3220,116219500
7/21/2021,3190,3240,3180,3210,3210,115099400
7/22/2021,3210,3260,3210,3260,3260,48865700
7/23/2021,3250,3250,3150,3170,3170,67128400
7/26/2021,3140,3200,3140,3190,3190,55525800
7/27/2021,3210,3270,3160,3270,3270,62673400
7/28/2021,3250,3250,3150,3190,3190,103282300
7/29/2021,3210,3290,3200,3230,3230,126542400
7/30/2021,3200,3290,3200,3240,3240,95143100
8/2/2021,3240,3310,3210,3310,3310,60368200
8/3/2021,3310,3360,3290,3330,3330,89712500
8/4/2021,3330,3370,3310,3370,3370,63108600
8/5/2021,3360,3400,3320,3340,3340,89742800
8/6/2021,3360,3380,3310,3320,3320,31664200
8/9/2021,3260,3300,3220,3250,3250,70299500
8/10/2021,3240,3270,3190,3230,3230,57658000
8/12/2021,3260,3350,3240,3350,3350,93133400
8/13/2021,3370,3380,3260,3300,3300,59903600
8/16/2021,3300,3340,3290,3340,3340,38661800
8/18/2021,3360,3440,3350,3420,3420,162921300
8/19/2021,3410,3430,3360,3390,3390,100851800
8/20/2021,3390,3430,3370,3400,3400,113411000
8/23/2021,3420,3440,3400,3440,3440,64122400
8/24/2021,3410,3420,3310,3400,3400,69338100
8/25/2021,3390,3390,3330,3370,3370,66618200
8/26/2021,3330,3360,3320,3360,3360,55756100
8/27/2021,3370,3370,3310,3320,3320,62419000
8/30/2021,3330,3400,3330,3400,3400,64177700
8/31/2021,3400,3420,3360,3400,3400,130019000
9/1/2021,3420,3420,3330,3340,3340,85135200
9/2/2021,3350,3390,3350,3370,3370,51633800
9/3/2021,3400,3420,3370,3390,3390,65479800
9/6/2021,3410,3410,3380,3390,3390,52640400
9/7/2021,3410,3410,3360,3380,3380,42617400
9/8/2021,3400,3400,3310,3330,3330,80636800
9/9/2021,3360,3390,3330,3390,3390,82214400
9/10/2021,3380,3390,3320,3330,3330,52115300
9/13/2021,3310,3350,3300,3350,3350,45547200
9/14/2021,3380,3450,3350,3440,3440,166002100
9/15/2021,3430,3450,3410,3450,3450,73158300
9/16/2021,3470,3470,3400,3440,3440,58318700
9/17/2021,3400,3530,3390,3530,3530,117573100
9/20/2021,3500,3520,3460,3520,3520,83985100
9/21/2021,3500,3560,3480,3530,3530,95848100
9/22/2021,3530,3590,3520,3590,3590,66835200
9/23/2021,3600,3610,3550,3560,3560,104737500
9/24/2021,3560,3580,3540,3560,3560,72224500
9/27/2021,3530,3560,3480,3520,3520,87303000
9/28/2021,3510,3540,3490,3530,3530,54671700
9/29/2021,3490,3540,3490,3530,3530,53170100
9/30/2021,3550,3690,3540,3690,3690,153853900
10/1/2021,3680,3690,3610,3660,3660,109898400
10/4/2021,3620,3670,3600,3670,3670,82205100
10/5/2021,3670,3680,3620,3670,3670,140488300
10/6/2021,3690,3770,3650,3760,3760,153535700
10/7/2021,3720,3740,3690,3720,3720,56837600
10/8/2021,3730,3800,3720,3800,3800,91361800
10/11/2021,3800,3850,3770,3810,3810,78865000
10/12/2021,3780,3840,3770,3780,3780,69866300
10/13/2021,3750,3820,3750,3770,3770,87143900
10/14/2021,3770,3830,3770,3830,3830,95817900
10/15/2021,3840,3840,3750,3810,3810,69707700
10/18/2021,3840,3840,3790,3790,3790,78580700
10/19/2021,3750,3800,3720,3740,3740,61095700
10/21/2021,3780,3880,3760,3850,3850,169659500
10/22/2021,3860,3880,3820,3870,3870,59640700
10/25/2021,3800,3840,3780,3780,3780,58246300
10/26/2021,3800,3830,3780,3800,3800,58615100
10/27/2021,3820,3830,3770,3790,3790,52210100
10/28/2021,3820,3820,3710,3750,3750,61151100
10/29/2021,3750,3810,3730,3800,3800,70430900
11/1/2021,3810,3820,3700,3700,3700,65447100
11/2/2021,3700,3710,3640,3660,3660,170260000
11/3/2021,3620,3740,3620,3720,3720,48810500
11/4/2021,3750,3780,3720,3770,3770,53494200
11/5/2021,3760,3770,3710,3770,3770,43133000
11/8/2021,3780,3780,3710,3750,3750,58758600
11/9/2021,3730,3740,3680,3710,3710,92427800
11/10/2021,3670,3720,3670,3700,3700,53511200
11/11/2021,3700,3730,3640,3650,3650,95789600
11/12/2021,3660,3660,3600,3600,3600,115142400
11/15/2021,3600,3650,3600,3600,3600,91001800
11/16/2021,3590,3680,3590,3670,3670,99590700
